Date/Time,Step Count (count)
2021-12-21 00:00:00,6481.0
2021-12-22 00:00:00,2224.0
2021-12-23 00:00:00,2620.0
2021-12-24 00:00:00,3939.0
2021-12-25 00:00:00,73.0
2021-12-26 00:00:00,325.0
2021-12-27 00:00:00,1028.0
2021-12-28 00:00:00,1819.0
2021-12-29 00:00:00,3877.0
2021-12-30 00:00:00,7191.0
2021-12-31 00:00:00,4153.0
2022-01-01 00:00:00,8684.0
2022-01-02 00:00:00,6002.0
2022-01-03 00:00:00,1731.0
2022-01-04 00:00:00,4515.0
2022-01-05 00:00:00,1500.0
2022-01-06 00:00:00,2068.0
2022-01-07 00:00:00,1123.0
2022-01-08 00:00:00,8627.0
2022-01-09 00:00:00,2090.0
2022-01-10 00:00:00,1345.0
2022-01-11 00:00:00,233.0
2022-01-12 00:00:00,646.0
2022-01-13 00:00:00,1688.0
2022-01-14 00:00:00,5919.0
2022-01-15 00:00:00,1572.0
2022-01-16 00:00:00,3280.0
2022-01-17 00:00:00,3451.0
2022-01-18 00:00:00,1898.0
2022-01-19 00:00:00,4451.0
2022-01-20 00:00:00,6197.0
2022-01-21 00:00:00,4122.0
2022-01-22 00:00:00,2400.0
2022-01-23 00:00:00,2677.0
2022-01-24 00:00:00,4019.0
2022-01-25 00:00:00,158.0
2022-01-26 00:00:00,1132.0
2022-01-27 00:00:00,15355.0
2022-01-28 00:00:00,3671.0
2022-01-29 00:00:00,1952.0
2022-01-30 00:00:00,5200.0
2022-01-31 00:00:00,232.0
2022-02-01 00:00:00,10249.0
2022-02-02 00:00:00,7033.0
2022-02-03 00:00:00,8870.0
2022-02-04 00:00:00,10141.0
2022-02-05 00:00:00,2019.0
2022-02-06 00:00:00,3504.0
2022-02-07 00:00:00,2690.0
2022-02-08 00:00:00,360.0
2022-02-09 00:00:00,381.0
2022-02-10 00:00:00,909.0
2022-02-11 00:00:00,13875.0
2022-02-12 00:00:00,2314.0
2022-02-13 00:00:00,913.0
2022-02-14 00:00:00,12216.0
2022-02-15 00:00:00,6862.0
2022-02-16 00:00:00,1146.0
2022-02-17 00:00:00,1212.0
2022-02-18 00:00:00,8356.0
2022-02-19 00:00:00,18124.0
2022-02-20 00:00:00,216.48
2022-02-21 00:00:00,3669.0
2022-02-22 00:00:00,507.08
2022-02-23 00:00:00,3312.0
2022-02-24 00:00:00,2639.0
2022-02-25 00:00:00,982.0
2022-02-26 00:00:00,6840.0
2022-02-27 00:00:00,7749.0
2022-02-28 00:00:00,6009.0
2022-03-01 00:00:00,6299.0
2022-03-02 00:00:00,4939.0
2022-03-03 00:00:00,3983.0
2022-03-04 00:00:00,7247.0
2022-03-05 00:00:00,6510.0
2022-03-06 00:00:00,6753.0
2022-03-07 00:00:00,7506.0
2022-03-08 00:00:00,3765.0
2022-03-09 00:00:00,4864.0
2022-03-10 00:00:00,1146.0
2022-03-11 00:00:00,3910.0
2022-03-12 00:00:00,3808.0
2022-03-13 00:00:00,2227.0
2022-03-14 00:00:00,10476.0
2022-03-15 00:00:00,8268.0
2022-03-16 00:00:00,7901.0
2022-03-17 00:00:00,12003.0
2022-03-18 00:00:00,4493.0
2022-03-19 00:00:00,4545.0
2022-03-20 00:00:00,1869.0
2022-03-21 00:00:00,6098.0
2022-03-22 00:00:00,6056.0
2022-03-23 00:00:00,2915.0
2022-03-24 00:00:00,6875.0
2022-03-25 00:00:00,2568.0
2022-03-26 00:00:00,3402.0
2022-03-27 00:00:00,3029.0
2022-03-28 00:00:00,6042.0
2022-03-29 00:00:00,5227.0
2022-03-30 00:00:00,9965.0
2022-03-31 00:00:00,2473.0
2022-04-01 00:00:00,4467.0
2022-04-02 00:00:00,4987.0
2022-04-03 00:00:00,3378.0
2022-04-04 00:00:00,1304.0
2022-04-05 00:00:00,4468.0
2022-04-06 00:00:00,4710.0
2022-04-07 00:00:00,4777.0
2022-04-08 00:00:00,10225.0
2022-04-09 00:00:00,4254.0
2022-04-10 00:00:00,5873.0
2022-04-11 00:00:00,7092.0
2022-04-12 00:00:00,7354.0
2022-04-13 00:00:00,6569.0
2022-04-14 00:00:00,7195.0
2022-04-15 00:00:00,8274.0
2022-04-16 00:00:00,6379.0
2022-04-17 00:00:00,950.0
2022-04-18 00:00:00,1988.0
2022-04-19 00:00:00,5314.0
2022-04-20 00:00:00,6068.0
2022-04-21 00:00:00,1754.0
2022-04-22 00:00:00,8709.0
2022-04-23 00:00:00,9800.0
2022-04-24 00:00:00,8620.0
2022-04-25 00:00:00,6648.0
2022-04-26 00:00:00,8715.0
2022-04-27 00:00:00,2741.0
2022-04-28 00:00:00,526.44
2022-04-29 00:00:00,3105.0
2022-04-30 00:00:00,3494.0
2022-05-01 00:00:00,4299.0
2022-05-02 00:00:00,2841.0
2022-05-03 00:00:00,138.0
2022-05-04 00:00:00,16762.0
2022-05-05 00:00:00,565.0
2022-05-06 00:00:00,2529.0
2022-05-07 00:00:00,753.0
2022-05-08 00:00:00,657.0
2022-05-09 00:00:00,3482.0
2022-05-10 00:00:00,8729.0
2022-05-11 00:00:00,6472.0
2022-05-12 00:00:00,7166.0
2022-05-13 00:00:00,4237.0
2022-05-14 00:00:00,9591.0
2022-05-15 00:00:00,2850.0
2022-05-16 00:00:00,8829.0
2022-05-17 00:00:00,10918.0
2022-05-18 00:00:00,3240.0
2022-05-19 00:00:00,3836.0
2022-05-20 00:00:00,1883.0
2022-05-21 00:00:00,1248.0
2022-05-22 00:00:00,390.0
2022-05-23 00:00:00,11177.0
2022-05-24 00:00:00,8631.0
2022-05-25 00:00:00,8051.0
2022-05-26 00:00:00,7630.0
2022-05-27 00:00:00,3199.0
2022-05-28 00:00:00,6184.0
2022-05-29 00:00:00,12355.0
2022-05-30 00:00:00,9125.0
2022-05-31 00:00:00,6911.0
2022-06-01 00:00:00,4718.0
2022-06-02 00:00:00,5157.0
2022-06-03 00:00:00,4068.0
2022-06-04 00:00:00,2700.0
2022-06-05 00:00:00,2700.0
2022-06-06 00:00:00,5890.0
2022-06-07 00:00:00,5310.0
2022-06-08 00:00:00,5954.0
2022-06-09 00:00:00,4728.0
2022-06-10 00:00:00,5839.0
2022-06-11 00:00:00,6741.0
2022-06-12 00:00:00,11482.0
2022-06-13 00:00:00,5824.0
2022-06-14 00:00:00,7823.0
2022-06-15 00:00:00,3781.0
2022-06-16 00:00:00,3470.0
2022-06-17 00:00:00,6780.0
2022-06-18 00:00:00,7182.0
2022-06-19 00:00:00,9365.0
2022-06-20 00:00:00,3609.0
2022-06-21 00:00:00,5581.0
2022-06-22 00:00:00,4162.0
2022-06-23 00:00:00,7309.0
2022-06-24 00:00:00,10526.0
2022-06-25 00:00:00,1160.0
2022-06-26 00:00:00,1949.0
2022-06-27 00:00:00,1113.0
2022-06-28 00:00:00,452.0
2022-06-29 00:00:00,3614.0
2022-06-30 00:00:00,11549.0
2022-07-01 00:00:00,158.0
2022-07-02 00:00:00,1301.0
2022-07-03 00:00:00,551.0
2022-07-04 00:00:00,2808.0
2022-07-05 00:00:00,575.0
2022-07-06 00:00:00,10904.0
2022-07-07 00:00:00,9434.0
2022-07-08 00:00:00,11238.0
2022-07-09 00:00:00,7016.0
2022-07-10 00:00:00,12711.0
2022-07-11 00:00:00,3467.0
2022-07-12 00:00:00,2242.0
2022-07-13 00:00:00,198.0
2022-07-14 00:00:00,96.0
2022-07-15 00:00:00,2522.0
2022-07-16 00:00:00,8673.0
2022-07-17 00:00:00,7947.0
2022-07-18 00:00:00,10902.0
2022-07-19 00:00:00,2022.0
2022-07-20 00:00:00,248.0
2022-07-21 00:00:00,2642.0
2022-07-22 00:00:00,3798.0
2022-07-23 00:00:00,2261.0
2022-07-24 00:00:00,1042.0
2022-07-25 00:00:00,142.0
2022-07-26 00:00:00,3932.0
2022-07-27 00:00:00,1090.0
2022-07-28 00:00:00,2604.0
2022-07-29 00:00:00,7596.0
2022-07-30 00:00:00,7716.0
2022-07-31 00:00:00,68.0
2022-08-01 00:00:00,5562.0
2022-08-02 00:00:00,892.0
2022-08-03 00:00:00,1526.0
2022-08-04 00:00:00,2078.0
2022-08-05 00:00:00,899.0
2022-08-06 00:00:00,2449.0
2022-08-07 00:00:00,1778.0
2022-08-08 00:00:00,1948.0
2022-08-09 00:00:00,509.0
2022-08-10 00:00:00,304.0
2022-08-11 00:00:00,6992.0
2022-08-12 00:00:00,716.0
2022-08-13 00:00:00,5763.0
2022-08-14 00:00:00,11784.0
2022-08-15 00:00:00,8398.0
2022-08-16 00:00:00,187.0
2022-08-17 00:00:00,1691.0
2022-08-18 00:00:00,2874.0
2022-08-19 00:00:00,536.0
2022-08-20 00:00:00,4958.0
2022-08-21 00:00:00,3166.0
2022-08-22 00:00:00,1183.0
2022-08-23 00:00:00,1953.0
2022-08-24 00:00:00,8112.0
2022-08-25 00:00:00,2554.0
2022-08-26 00:00:00,3532.0
2022-08-27 00:00:00,4422.0
2022-08-28 00:00:00,6241.0
2022-08-29 00:00:00,5692.0
2022-08-30 00:00:00,6075.0
2022-08-31 00:00:00,2407.0
2022-09-01 00:00:00,2073.0
2022-09-02 00:00:00,249.0
2022-09-03 00:00:00,2412.0
2022-09-04 00:00:00,492.0
2022-09-05 00:00:00,139.0
2022-09-06 00:00:00,1110.0
2022-09-07 00:00:00,2932.0
2022-09-08 00:00:00,3808.0
2022-09-09 00:00:00,6831.0
2022-09-10 00:00:00,2697.0
2022-09-11 00:00:00,6556.0
2022-09-12 00:00:00,1975.0
2022-09-13 00:00:00,126.0
2022-09-14 00:00:00,9565.0
2022-09-15 00:00:00,235.0
2022-09-16 00:00:00,3242.0
2022-09-17 00:00:00,4636.0
2022-09-18 00:00:00,399.0
2022-09-19 00:00:00,6002.0
2022-09-20 00:00:00,11785.0
2022-09-21 00:00:00,2550.0
2022-09-22 00:00:00,566.0
2022-09-23 00:00:00,12865.0
2022-09-24 00:00:00,5151.0
2022-09-25 00:00:00,5296.0
2022-09-26 00:00:00,3617.0
2022-09-27 00:00:00,3879.0
2022-09-28 00:00:00,734.0
2022-09-29 00:00:00,1727.0
2022-09-30 00:00:00,10357.0
2022-10-01 00:00:00,5370.0
2022-10-02 00:00:00,3027.0
2022-10-03 00:00:00,2924.0
2022-10-04 00:00:00,10729.0
2022-10-05 00:00:00,10777.0
2022-10-06 00:00:00,10990.0
2022-10-07 00:00:00,6665.0
2022-10-08 00:00:00,421.0
2022-10-09 00:00:00,4109.0
2022-10-10 00:00:00,6376.0
2022-10-11 00:00:00,6101.0
2022-10-12 00:00:00,5355.0
2022-10-13 00:00:00,5914.0
2022-10-14 00:00:00,16533.0
2022-10-15 00:00:00,1818.0
2022-10-16 00:00:00,2026.0
2022-10-17 00:00:00,9913.0
2022-10-18 00:00:00,6949.0
2022-10-19 00:00:00,3741.0
2022-10-20 00:00:00,7127.0
2022-10-21 00:00:00,9102.0
2022-10-22 00:00:00,3085.0
2022-10-23 00:00:00,7200.0
2022-10-24 00:00:00,7010.0
2022-10-25 00:00:00,7222.0
2022-10-26 00:00:00,4954.0
2022-10-27 00:00:00,4600.0
2022-10-28 00:00:00,9528.0
2022-10-29 00:00:00,86.0
2022-10-30 00:00:00,1127.0
2022-10-31 00:00:00,11078.0
2022-11-01 00:00:00,10492.0
2022-11-02 00:00:00,7099.0
2022-11-03 00:00:00,9272.0
2022-11-04 00:00:00,6780.0
2022-11-05 00:00:00,6038.0
2022-11-06 00:00:00,2408.0
2022-11-07 00:00:00,6413.0
2022-11-08 00:00:00,7057.0
2022-11-09 00:00:00,5477.0
2022-11-10 00:00:00,5636.0
2022-11-11 00:00:00,6108.0
2022-11-12 00:00:00,3671.0
2022-11-13 00:00:00,3803.0
2022-11-14 00:00:00,4773.0
2022-11-15 00:00:00,7092.0
2022-11-16 00:00:00,1929.0
2022-11-17 00:00:00,7282.0
2022-11-18 00:00:00,5574.0
2022-11-19 00:00:00,4010.0
2022-11-20 00:00:00,1518.0
2022-11-21 00:00:00,6724.0
2022-11-22 00:00:00,6217.0
2022-11-23 00:00:00,3545.0
2022-11-24 00:00:00,4249.0
2022-11-25 00:00:00,4604.0
2022-11-26 00:00:00,4203.0
2022-11-27 00:00:00,899.0
2022-11-28 00:00:00,1855.0
2022-11-29 00:00:00,1059.0
2022-11-30 00:00:00,5467.0
2022-12-01 00:00:00,2424.0
2022-12-02 00:00:00,2845.0
2022-12-03 00:00:00,4004.0
2022-12-04 00:00:00,605.0
2022-12-05 00:00:00,6144.0
2022-12-06 00:00:00,2436.0
2022-12-07 00:00:00,4602.0
2022-12-08 00:00:00,6078.0
2022-12-09 00:00:00,4756.0
2022-12-10 00:00:00,5187.0
2022-12-11 00:00:00,7209.0
2022-12-12 00:00:00,4976.0
2022-12-13 00:00:00,210.0
2022-12-14 00:00:00,1702.0
2022-12-15 00:00:00,4023.0
2022-12-16 00:00:00,5973.0
2022-12-17 00:00:00,10003.0
2022-12-18 00:00:00,6890.0
2022-12-19 00:00:00,6232.0
2022-12-20 00:00:00,5502.0
2022-12-21 00:00:00,8621.0
2022-12-22 00:00:00,9878.0
2022-12-23 00:00:00,4468.0
2022-12-24 00:00:00,3470.0
2022-12-25 00:00:00,4059.0
2022-12-26 00:00:00,6568.0
2022-12-27 00:00:00,7883.0
2022-12-28 00:00:00,4894.0
2022-12-29 00:00:00,4449.0
2022-12-30 00:00:00,5458.0
2022-12-31 00:00:00,1067.0
2023-01-01 00:00:00,1424.0
2023-01-02 00:00:00,4362.0
2023-01-03 00:00:00,3995.0
2023-01-04 00:00:00,328.0
2023-01-05 00:00:00,3978.0
2023-01-06 00:00:00,2186.0
2023-01-07 00:00:00,1067.0
2023-01-08 00:00:00,261.0
2023-01-09 00:00:00,4134.0
2023-01-10 00:00:00,112.0
2023-01-11 00:00:00,3096.0
2023-01-12 00:00:00,440.0
2023-01-13 00:00:00,3937.0
2023-01-14 00:00:00,9612.0
2023-01-15 00:00:00,1367.0
2023-01-16 00:00:00,4912.0
2023-01-17 00:00:00,5927.0
2023-01-18 00:00:00,778.0
2023-01-19 00:00:00,274.0
2023-01-20 00:00:00,1931.0
2023-01-21 00:00:00,6090.0
2023-01-22 00:00:00,3493.0
2023-01-23 00:00:00,2747.0
2023-01-24 00:00:00,4876.0
2023-01-25 00:00:00,580.0
2023-01-26 00:00:00,1636.0
2023-01-27 00:00:00,1408.0
2023-01-28 00:00:00,24.0
2023-01-29 00:00:00,1146.0
2023-01-30 00:00:00,5521.0
2023-01-31 00:00:00,3288.0
2023-02-01 00:00:00,6307.0
2023-02-02 00:00:00,5942.0
2023-02-03 00:00:00,4566.0
2023-02-04 00:00:00,4055.0
2023-02-05 00:00:00,63.0
2023-02-06 00:00:00,4136.0
2023-02-07 00:00:00,3149.0
2023-02-08 00:00:00,293.0
2023-02-09 00:00:00,40.0
2023-02-10 00:00:00,45.0
2023-02-11 00:00:00,1.0
2023-02-12 00:00:00,7066.0
2023-02-13 00:00:00,1836.0
2023-02-14 00:00:00,6722.0
2023-02-15 00:00:00,694.0
2023-02-16 00:00:00,1518.0
2023-02-17 00:00:00,4874.0
2023-02-18 00:00:00,942.0
2023-02-19 00:00:00,1262.0
2023-02-20 00:00:00,989.0
2023-02-21 00:00:00,508.0
2023-02-22 00:00:00,714.0
2023-02-23 00:00:00,1039.0
2023-02-24 00:00:00,1219.0
2023-02-25 00:00:00,296.0
2023-02-26 00:00:00,3431.0
2023-02-27 00:00:00,2434.0
2023-02-28 00:00:00,1267.0
2023-03-01 00:00:00,4452.0
2023-03-02 00:00:00,1078.0
2023-03-03 00:00:00,1008.0
2023-03-04 00:00:00,8007.0
2023-03-05 00:00:00,4992.0
2023-03-06 00:00:00,2510.0
2023-03-07 00:00:00,1463.0
2023-03-08 00:00:00,4220.0
2023-03-09 00:00:00,2017.0
2023-03-10 00:00:00,4670.0
2023-03-11 00:00:00,3395.0
2023-03-12 00:00:00,4703.0
2023-03-13 00:00:00,929.0
2023-03-14 00:00:00,2217.0
2023-03-15 00:00:00,3169.0
2023-03-16 00:00:00,7285.0
2023-03-17 00:00:00,871.0
2023-03-18 00:00:00,1718.0
2023-03-19 00:00:00,4265.0
2023-03-20 00:00:00,2979.0
2023-03-21 00:00:00,1869.0
2023-03-22 00:00:00,1164.0
2023-03-23 00:00:00,926.72
2023-03-24 00:00:00,2395.0
2023-03-25 00:00:00,74.0
2023-03-26 00:00:00,2475.0
2023-03-27 00:00:00,3773.0
2023-03-28 00:00:00,357.0
2023-03-29 00:00:00,5595.0
2023-03-30 00:00:00,4722.0
2023-03-31 00:00:00,3086.0
2023-04-01 00:00:00,3576.0
2023-04-02 00:00:00,3420.0
2023-04-03 00:00:00,900.0
2023-04-04 00:00:00,2780.0
2023-04-05 00:00:00,3289.0
2023-04-06 00:00:00,4675.0
2023-04-07 00:00:00,5957.0
2023-04-08 00:00:00,7352.0
2023-04-09 00:00:00,2993.0
2023-04-10 00:00:00,3281.0
2023-04-11 00:00:00,3064.0
2023-04-12 00:00:00,1655.0
2023-04-13 00:00:00,1794.0
2023-04-14 00:00:00,2318.0
2023-04-15 00:00:00,675.74
2023-04-16 00:00:00,519.0
2023-04-17 00:00:00,190.0
2023-04-18 00:00:00,231.0
2023-04-19 00:00:00,280.0
2023-04-20 00:00:00,6388.0
2023-04-21 00:00:00,3056.0
2023-04-22 00:00:00,101.0
2023-04-23 00:00:00,2288.0
2023-04-24 00:00:00,28.0
2023-04-25 00:00:00,423.0
2023-04-26 00:00:00,125.0
2023-04-27 00:00:00,88.0
2023-04-28 00:00:00,852.0
2023-04-29 00:00:00,2775.0
2023-04-30 00:00:00,405.0
2023-05-01 00:00:00,6362.0
2023-05-02 00:00:00,5413.0
2023-05-03 00:00:00,3807.0
2023-05-04 00:00:00,2373.0
2023-05-05 00:00:00,3947.0
2023-05-06 00:00:00,8846.0
2023-05-07 00:00:00,834.0
2023-05-08 00:00:00,4782.0
2023-05-09 00:00:00,1744.0
2023-05-10 00:00:00,483.0
2023-05-11 00:00:00,3021.0
2023-05-12 00:00:00,53.0
2023-05-13 00:00:00,5730.0
2023-05-14 00:00:00,5061.0
2023-05-15 00:00:00,2719.0
2023-05-16 00:00:00,432.0
2023-05-17 00:00:00,2897.0
2023-05-18 00:00:00,327.0
2023-05-19 00:00:00,729.0
2023-05-20 00:00:00,2579.0
2023-05-21 00:00:00,1684.0
2023-05-22 00:00:00,4102.0
2023-05-23 00:00:00,3348.0
2023-05-24 00:00:00,4336.0
2023-05-25 00:00:00,2191.0
2023-05-26 00:00:00,3461.0
2023-05-27 00:00:00,825.0
2023-05-28 00:00:00,2248.0
2023-05-29 00:00:00,2235.0
2023-05-30 00:00:00,4819.0
2023-05-31 00:00:00,5080.0
2023-06-01 00:00:00,7694.0
2023-06-02 00:00:00,4536.0
2023-06-03 00:00:00,5188.0
2023-06-04 00:00:00,5853.0
2023-06-05 00:00:00,7449.0
2023-06-06 00:00:00,5287.0
2023-06-07 00:00:00,697.0
2023-06-08 00:00:00,3361.0
2023-06-09 00:00:00,1892.0
2023-06-10 00:00:00,1315.0
2023-06-11 00:00:00,1475.0
2023-06-12 00:00:00,5646.0
2023-06-13 00:00:00,5300.0
2023-06-14 00:00:00,3626.0
2023-06-15 00:00:00,4160.0
2023-06-16 00:00:00,3442.0
2023-06-17 00:00:00,1982.0
2023-06-18 00:00:00,1909.0
2023-06-19 00:00:00,4431.0
2023-06-20 00:00:00,3941.0
2023-06-21 00:00:00,4329.0
2023-06-22 00:00:00,1734.0
2023-06-23 00:00:00,5126.0
2023-06-24 00:00:00,2528.0
2023-06-25 00:00:00,5594.0
2023-06-26 00:00:00,1116.0
2023-06-27 00:00:00,4487.0
2023-06-28 00:00:00,9321.0
2023-06-29 00:00:00,5295.0
2023-06-30 00:00:00,9663.0
2023-07-01 00:00:00,1421.0
2023-07-02 00:00:00,8576.0
2023-07-03 00:00:00,8390.0
2023-07-04 00:00:00,2985.0
2023-07-05 00:00:00,305.0
2023-07-06 00:00:00,7305.0
2023-07-07 00:00:00,5207.0
2023-07-08 00:00:00,4274.0
2023-07-09 00:00:00,681.0
2023-07-10 00:00:00,1996.0
2023-07-11 00:00:00,798.0
2023-07-12 00:00:00,8184.0
2023-07-13 00:00:00,3956.0
2023-07-14 00:00:00,5768.0
2023-07-15 00:00:00,211.0
2023-07-16 00:00:00,1114.0
2023-07-17 00:00:00,3783.0
2023-07-18 00:00:00,5460.0
2023-07-19 00:00:00,707.0
2023-07-20 00:00:00,2867.0
2023-07-21 00:00:00,3628.0
2023-07-22 00:00:00,5571.0
2023-07-23 00:00:00,1440.0
2023-07-24 00:00:00,732.0
2023-07-25 00:00:00,2015.0
2023-07-26 00:00:00,2844.0
2023-07-27 00:00:00,1393.0
2023-07-28 00:00:00,2154.0
2023-07-29 00:00:00,2403.0
2023-07-30 00:00:00,2079.0
2023-07-31 00:00:00,1036.0
2023-08-01 00:00:00,4276.0
2023-08-02 00:00:00,2007.0
2023-08-03 00:00:00,469.0
2023-08-04 00:00:00,362.0
2023-08-05 00:00:00,847.0
2023-08-06 00:00:00,1042.0
2023-08-07 00:00:00,1064.0
2023-08-08 00:00:00,2728.0
2023-08-09 00:00:00,4655.0
2023-08-10 00:00:00,11121.0
2023-08-11 00:00:00,1519.0
2023-08-12 00:00:00,2861.0
2023-08-13 00:00:00,1443.0
2023-08-14 00:00:00,920.0
2023-08-15 00:00:00,737.0
2023-08-16 00:00:00,2697.0
2023-08-17 00:00:00,1042.0
2023-08-18 00:00:00,6513.0
2023-08-19 00:00:00,4133.0
2023-08-20 00:00:00,688.0
2023-08-21 00:00:00,1733.0
2023-08-22 00:00:00,3068.0
2023-08-23 00:00:00,3532.0
2023-08-24 00:00:00,302.0
2023-08-25 00:00:00,367.0
2023-08-26 00:00:00,1696.0
2023-08-27 00:00:00,1060.0
2023-08-28 00:00:00,3523.0
2023-08-29 00:00:00,4867.0
2023-08-30 00:00:00,10346.0
2023-08-31 00:00:00,1813.0
2023-09-01 00:00:00,9696.0
2023-09-02 00:00:00,124.0
2023-09-03 00:00:00,206.0
2023-09-04 00:00:00,453.75
2023-09-05 00:00:00,8118.0
2023-09-06 00:00:00,1429.0
2023-09-07 00:00:00,8696.0
2023-09-08 00:00:00,7497.0
2023-09-09 00:00:00,13745.0
2023-09-10 00:00:00,5718.0
2023-09-11 00:00:00,8876.0
2023-09-12 00:00:00,10932.0
2023-09-13 00:00:00,13346.0
2023-09-14 00:00:00,11438.0
2023-09-15 00:00:00,3968.0
2023-09-16 00:00:00,2612.0
2023-09-17 00:00:00,3802.0
2023-09-18 00:00:00,2568.0
2023-09-19 00:00:00,3346.0
2023-09-20 00:00:00,2385.0
2023-09-21 00:00:00,3846.0
2023-09-22 00:00:00,1705.0
2023-09-23 00:00:00,3739.0
2023-09-24 00:00:00,1581.0
2023-09-25 00:00:00,3655.0
2023-09-26 00:00:00,2740.0
2023-09-27 00:00:00,4116.0
2023-09-28 00:00:00,2428.0
2023-09-29 00:00:00,7344.0
2023-09-30 00:00:00,5108.0
2023-10-01 00:00:00,7572.0
2023-10-02 00:00:00,4185.0
2023-10-03 00:00:00,1668.0
2023-10-04 00:00:00,6913.0
2023-10-05 00:00:00,10703.0
2023-10-06 00:00:00,13191.0
2023-10-07 00:00:00,8968.0
2023-10-08 00:00:00,322.0
2023-10-09 00:00:00,14830.0
2023-10-10 00:00:00,14620.0
2023-10-11 00:00:00,12079.0
2023-10-12 00:00:00,7592.0
2023-10-13 00:00:00,4041.0
2023-10-14 00:00:00,7954.0
2023-10-15 00:00:00,800.0
2023-10-16 00:00:00,10640.0
2023-10-17 00:00:00,5952.0
2023-10-18 00:00:00,6010.0
2023-10-19 00:00:00,6138.0
2023-10-20 00:00:00,4361.0
2023-10-21 00:00:00,9774.0
2023-10-22 00:00:00,5651.0
2023-10-23 00:00:00,6610.0
2023-10-24 00:00:00,2312.0
2023-10-25 00:00:00,4683.0
2023-10-26 00:00:00,7739.0
2023-10-27 00:00:00,10398.0
2023-10-28 00:00:00,5042.0
2023-10-29 00:00:00,192.0
2023-10-30 00:00:00,7221.0
2023-10-31 00:00:00,9895.0
2023-11-01 00:00:00,212.0
2023-11-02 00:00:00,5498.0
2023-11-03 00:00:00,6831.0
2023-11-04 00:00:00,1752.0
2023-11-05 00:00:00,5291.0
2023-11-06 00:00:00,14831.0
2023-11-07 00:00:00,13617.0
2023-11-08 00:00:00,3189.0
2023-11-09 00:00:00,4007.0
2023-11-10 00:00:00,8424.0
2023-11-11 00:00:00,5740.0
2023-11-12 00:00:00,6453.0
2023-11-13 00:00:00,4381.0
2023-11-14 00:00:00,7806.0
2023-11-15 00:00:00,4842.0
2023-11-16 00:00:00,11883.0
2023-11-17 00:00:00,2462.0
2023-11-18 00:00:00,3277.0
2023-11-19 00:00:00,3510.0
2023-11-20 00:00:00,6499.0
2023-11-21 00:00:00,4397.0
2023-11-22 00:00:00,2520.0
2023-11-23 00:00:00,7680.0
2023-11-24 00:00:00,2138.0
2023-11-25 00:00:00,11184.0
2023-11-26 00:00:00,5770.0
2023-11-27 00:00:00,6410.0
2023-11-28 00:00:00,6624.0
2023-11-29 00:00:00,1727.0
2023-11-30 00:00:00,6636.0
2023-12-01 00:00:00,7401.0
2023-12-02 00:00:00,12952.0
2023-12-03 00:00:00,2633.0
2023-12-04 00:00:00,7462.0
2023-12-05 00:00:00,5744.0
2023-12-06 00:00:00,10507.0
2023-12-07 00:00:00,8063.0
2023-12-08 00:00:00,5556.0
2023-12-09 00:00:00,3085.0
2023-12-10 00:00:00,14956.0
2023-12-11 00:00:00,1563.0
2023-12-12 00:00:00,3459.0
2023-12-13 00:00:00,1305.0
2023-12-14 00:00:00,1555.0
2023-12-15 00:00:00,6667.0
2023-12-16 00:00:00,4946.0
2023-12-17 00:00:00,5089.0
2023-12-18 00:00:00,8721.0
2023-12-19 00:00:00,3744.0
2023-12-20 00:00:00,5988.0
2023-12-21 00:00:00,3783.0
2023-12-22 00:00:00,4423.0
2023-12-23 00:00:00,11302.0
2023-12-24 00:00:00,8086.0
2023-12-25 00:00:00,1106.0
2023-12-26 00:00:00,2070.0
2023-12-27 00:00:00,3137.0
2023-12-28 00:00:00,1268.0
2023-12-29 00:00:00,1001.0
2023-12-30 00:00:00,115.0
2023-12-31 00:00:00,357.68
2024-01-01 00:00:00,666.32
2024-01-02 00:00:00,583.0
2024-01-03 00:00:00,9126.0
2024-01-04 00:00:00,3512.0
2024-01-05 00:00:00,2942.0
2024-01-06 00:00:00,1823.0
2024-01-07 00:00:00,4792.0
2024-01-08 00:00:00,3031.0
2024-01-09 00:00:00,1031.0
2024-01-10 00:00:00,3899.0
2024-01-11 00:00:00,3825.0
2024-01-12 00:00:00,2973.0
2024-01-13 00:00:00,142.0
2024-01-14 00:00:00,707.0
2024-01-15 00:00:00,2500.0
2024-01-16 00:00:00,3816.0
2024-01-17 00:00:00,532.0
2024-01-18 00:00:00,3130.0
2024-01-19 00:00:00,4706.0
2024-01-20 00:00:00,4313.0
2024-01-21 00:00:00,3874.0
2024-01-22 00:00:00,90.0
2024-01-23 00:00:00,5861.0
2024-01-24 00:00:00,4507.0
2024-01-25 00:00:00,4124.0
2024-01-26 00:00:00,12800.0
2024-01-27 00:00:00,731.0
2024-01-28 00:00:00,8.0
2024-01-29 00:00:00,1291.0
2024-01-30 00:00:00,9.0
2024-01-31 00:00:00,133.0
2024-02-01 00:00:00,8953.0
2024-02-02 00:00:00,11380.0
2024-02-03 00:00:00,9738.0
2024-02-04 00:00:00,3712.0
2024-02-05 00:00:00,3912.0
2024-02-06 00:00:00,3649.0
2024-02-07 00:00:00,8725.0
2024-02-08 00:00:00,7635.0
2024-02-09 00:00:00,8161.0
2024-02-10 00:00:00,10622.0
2024-02-11 00:00:00,6975.0
2024-02-12 00:00:00,1231.0
2024-02-13 00:00:00,10625.0
2024-02-14 00:00:00,224.0
2024-02-15 00:00:00,2132.0
2024-02-16 00:00:00,8119.0
2024-02-17 00:00:00,4001.0
2024-02-18 00:00:00,4126.0
2024-02-19 00:00:00,2823.0
2024-02-20 00:00:00,2895.0
2024-02-21 00:00:00,4508.0
2024-02-22 00:00:00,5436.0
2024-02-23 00:00:00,11682.0
2024-02-24 00:00:00,112.58
2024-02-25 00:00:00,829.0
2024-02-26 00:00:00,6736.0
2024-02-27 00:00:00,1024.0
2024-02-28 00:00:00,6441.0
2024-02-29 00:00:00,7290.0
2024-03-01 00:00:00,9451.0
2024-03-02 00:00:00,823.0
2024-03-03 00:00:00,1794.0
2024-03-04 00:00:00,6872.0
2024-03-05 00:00:00,8326.0
2024-03-06 00:00:00,7731.0
2024-03-07 00:00:00,7771.0
2024-03-08 00:00:00,1533.0
2024-03-09 00:00:00,5436.0
2024-03-10 00:00:00,948.0
2024-03-11 00:00:00,9024.0
2024-03-12 00:00:00,7208.0
2024-03-13 00:00:00,4297.0
2024-03-14 00:00:00,11308.0
2024-03-15 00:00:00,2578.0
2024-03-16 00:00:00,9395.0
2024-03-17 00:00:00,771.0
2024-03-18 00:00:00,6400.0
2024-03-19 00:00:00,10270.0
2024-03-20 00:00:00,4888.0
2024-03-21 00:00:00,3959.0
2024-03-22 00:00:00,8881.0
2024-03-23 00:00:00,4634.0
2024-03-24 00:00:00,2678.0
2024-03-25 00:00:00,2792.0
2024-03-26 00:00:00,7842.0
2024-03-27 00:00:00,4907.0
2024-03-28 00:00:00,1984.0
2024-03-29 00:00:00,7932.0
2024-03-30 00:00:00,429.0
2024-03-31 00:00:00,4029.0
2024-04-01 00:00:00,2778.0
2024-04-02 00:00:00,4271.0
2024-04-03 00:00:00,5538.0
2024-04-04 00:00:00,9470.0
2024-04-05 00:00:00,2762.0
2024-04-06 00:00:00,3923.0
2024-04-07 00:00:00,1578.0
2024-04-08 00:00:00,10543.0
2024-04-09 00:00:00,2949.0
2024-04-10 00:00:00,2289.0
2024-04-11 00:00:00,6767.0
2024-04-12 00:00:00,15624.0
2024-04-13 00:00:00,14349.0
2024-04-14 00:00:00,10977.0
2024-04-15 00:00:00,12028.0
2024-04-16 00:00:00,6783.0
2024-04-17 00:00:00,3601.0
2024-04-18 00:00:00,5148.0
2024-04-19 00:00:00,4153.0
2024-04-20 00:00:00,2999.0
2024-04-21 00:00:00,3214.0
2024-04-22 00:00:00,4284.0
2024-04-23 00:00:00,10023.0
2024-04-24 00:00:00,5119.0
2024-04-25 00:00:00,1169.0
2024-04-26 00:00:00,168.0
2024-04-27 00:00:00,344.0
2024-04-28 00:00:00,1993.0
2024-04-29 00:00:00,3876.0
2024-04-30 00:00:00,1371.0
2024-05-01 00:00:00,7824.0
2024-05-02 00:00:00,3440.0
2024-05-03 00:00:00,3215.0
2024-05-04 00:00:00,1098.0
2024-05-05 00:00:00,7096.0
2024-05-06 00:00:00,3935.0
2024-05-07 00:00:00,2076.0
2024-05-08 00:00:00,4834.0
2024-05-09 00:00:00,8044.0
2024-05-10 00:00:00,2684.0
2024-05-11 00:00:00,6708.0
2024-05-12 00:00:00,484.0
2024-05-13 00:00:00,494.0
2024-05-14 00:00:00,3703.0
2024-05-15 00:00:00,7881.0
2024-05-16 00:00:00,3316.0
2024-05-17 00:00:00,7208.0
2024-05-18 00:00:00,2610.0
2024-05-19 00:00:00,6363.0
2024-05-20 00:00:00,3965.0
2024-05-21 00:00:00,2763.0
2024-05-22 00:00:00,5928.0
2024-05-23 00:00:00,1510.0
2024-05-24 00:00:00,6238.0
2024-05-25 00:00:00,1026.0
2024-05-26 00:00:00,609.0
2024-05-27 00:00:00,6078.0
2024-05-28 00:00:00,2636.0
2024-05-29 00:00:00,4819.0
2024-05-30 00:00:00,3278.0
2024-05-31 00:00:00,3615.0
2024-06-01 00:00:00,5550.0
2024-06-02 00:00:00,3585.0
2024-06-03 00:00:00,3545.0
2024-06-04 00:00:00,1074.0
2024-06-05 00:00:00,585.0
2024-06-06 00:00:00,1047.0
2024-06-07 00:00:00,3846.0
2024-06-08 00:00:00,1706.0
2024-06-09 00:00:00,4688.0
2024-06-10 00:00:00,1394.0
2024-06-11 00:00:00,3360.0
2024-06-12 00:00:00,2863.0
2024-06-13 00:00:00,3770.0
2024-06-14 00:00:00,2911.0
2024-06-15 00:00:00,1302.0
2024-06-16 00:00:00,3071.0
2024-06-17 00:00:00,1367.0
2024-06-18 00:00:00,1307.0
2024-06-19 00:00:00,2495.0
2024-06-20 00:00:00,1006.0
2024-06-21 00:00:00,5959.0
2024-06-22 00:00:00,3355.0
2024-06-23 00:00:00,4122.0
2024-06-24 00:00:00,3425.0
2024-06-25 00:00:00,3287.0
2024-06-26 00:00:00,5728.0
2024-06-27 00:00:00,4690.0
2024-06-28 00:00:00,3352.0
2024-06-29 00:00:00,1370.0
2024-06-30 00:00:00,2259.0
2024-07-01 00:00:00,2187.0
2024-07-02 00:00:00,2647.0
2024-07-03 00:00:00,1482.0
2024-07-04 00:00:00,4783.0
2024-07-05 00:00:00,1269.0
2024-07-06 00:00:00,3768.0
2024-07-07 00:00:00,3330.0
2024-07-08 00:00:00,1883.0
2024-07-09 00:00:00,3044.0
2024-07-10 00:00:00,1871.0
2024-07-11 00:00:00,1027.0
2024-07-12 00:00:00,2184.0
2024-07-13 00:00:00,1250.0
2024-07-14 00:00:00,189.0
2024-07-15 00:00:00,1498.0
2024-07-16 00:00:00,2047.0
2024-07-17 00:00:00,2389.0
2024-07-18 00:00:00,4079.0
2024-07-19 00:00:00,3542.0
2024-07-20 00:00:00,3141.0
2024-07-21 00:00:00,1011.0
2024-07-22 00:00:00,6804.0
2024-07-23 00:00:00,1042.0
2024-07-24 00:00:00,3426.0
2024-07-25 00:00:00,3827.0
2024-07-26 00:00:00,2122.0
2024-07-27 00:00:00,899.0
2024-07-28 00:00:00,5827.0
2024-07-29 00:00:00,469.77
2024-07-30 00:00:00,2494.0
2024-07-31 00:00:00,2344.0
2024-08-01 00:00:00,3413.0
2024-08-02 00:00:00,1176.0
2024-08-03 00:00:00,1859.0
2024-08-04 00:00:00,3411.0
2024-08-05 00:00:00,912.0
2024-08-06 00:00:00,3638.0
2024-08-07 00:00:00,6256.0
2024-08-08 00:00:00,12025.0
2024-08-09 00:00:00,2085.0
2024-08-10 00:00:00,1430.0
2024-08-11 00:00:00,9124.0
2024-08-12 00:00:00,1112.0
2024-08-13 00:00:00,3627.0
2024-08-14 00:00:00,3454.0
2024-08-15 00:00:00,734.71
2024-08-16 00:00:00,944.0
2024-08-17 00:00:00,1075.0
2024-08-18 00:00:00,940.0
2024-08-19 00:00:00,1952.0
2024-08-20 00:00:00,3060.0
2024-08-21 00:00:00,3276.0
2024-08-22 00:00:00,4779.0
2024-08-23 00:00:00,3299.0
2024-08-24 00:00:00,2221.0
2024-08-25 00:00:00,1257.0
2024-08-26 00:00:00,830.0
2024-08-27 00:00:00,1068.0
2024-08-28 00:00:00,2941.0
2024-08-29 00:00:00,1284.0
2024-08-30 00:00:00,3288.0
2024-08-31 00:00:00,6816.0
2024-09-01 00:00:00,1161.0
2024-09-02 00:00:00,3122.0
2024-09-03 00:00:00,3524.0
2024-09-04 00:00:00,917.0
2024-09-05 00:00:00,1815.0
2024-09-06 00:00:00,5181.0
2024-09-07 00:00:00,1209.0
2024-09-08 00:00:00,1646.0
2024-09-09 00:00:00,3763.0
2024-09-10 00:00:00,8087.0
2024-09-11 00:00:00,1822.0
2024-09-12 00:00:00,245.0
2024-09-13 00:00:00,2195.0
2024-09-14 00:00:00,264.0
2024-09-15 00:00:00,4216.0
2024-09-16 00:00:00,1572.0
2024-09-17 00:00:00,1649.0
2024-09-18 00:00:00,1136.0
2024-09-19 00:00:00,5512.0
2024-09-20 00:00:00,1252.0
2024-09-21 00:00:00,254.0
2024-09-22 00:00:00,402.0
2024-09-23 00:00:00,4931.0
2024-09-24 00:00:00,3264.0
2024-09-25 00:00:00,5701.0
2024-09-26 00:00:00,5343.0
2024-09-27 00:00:00,3944.0
2024-09-28 00:00:00,4154.0
2024-09-29 00:00:00,7241.0
2024-09-30 00:00:00,1947.0
2024-10-01 00:00:00,1965.0
2024-10-02 00:00:00,5152.0
2024-10-03 00:00:00,3730.0
2024-10-04 00:00:00,11328.0
2024-10-05 00:00:00,1054.0
2024-10-06 00:00:00,4928.0
2024-10-07 00:00:00,3515.0
2024-10-08 00:00:00,5835.0
2024-10-09 00:00:00,1703.0
2024-10-10 00:00:00,302.0
2024-10-11 00:00:00,1336.0
2024-10-12 00:00:00,1662.0
2024-10-13 00:00:00,1307.0
2024-10-14 00:00:00,3897.0
2024-10-15 00:00:00,6782.0
2024-10-16 00:00:00,7879.0
2024-10-17 00:00:00,167.0
2024-10-18 00:00:00,915.0
2024-10-19 00:00:00,921.0
2024-10-20 00:00:00,995.0
2024-10-21 00:00:00,116.0
2024-10-22 00:00:00,4395.0
2024-10-23 00:00:00,3968.0
2024-10-24 00:00:00,3371.0
2024-10-25 00:00:00,3983.0
2024-10-26 00:00:00,1905.0
2024-10-27 00:00:00,3203.0
2024-10-28 00:00:00,2240.0
2024-10-29 00:00:00,553.0
2024-10-30 00:00:00,3909.0
2024-10-31 00:00:00,1460.0
2024-11-01 00:00:00,5630.0
2024-11-02 00:00:00,6553.0
2024-11-03 00:00:00,9394.0
2024-11-04 00:00:00,4896.0
2024-11-05 00:00:00,3043.0
2024-11-06 00:00:00,4898.0
2024-11-07 00:00:00,6342.0
2024-11-08 00:00:00,4191.0
2024-11-09 00:00:00,3227.0
2024-11-10 00:00:00,1827.0
2024-11-11 00:00:00,3090.0
2024-11-12 00:00:00,2162.0
2024-11-13 00:00:00,3801.0
2024-11-14 00:00:00,383.0
2024-11-15 00:00:00,5164.0
2024-11-16 00:00:00,3592.0
2024-11-17 00:00:00,259.0
2024-11-18 00:00:00,123.0
2024-11-19 00:00:00,2337.0
2024-11-20 00:00:00,1206.0
2024-11-21 00:00:00,3743.0
2024-11-22 00:00:00,139.0
2024-11-23 00:00:00,950.0
2024-11-24 00:00:00,1251.0
2024-11-25 00:00:00,2460.0
2024-11-26 00:00:00,4372.0
2024-11-27 00:00:00,5790.0
2024-11-28 00:00:00,2200.0
